{"cameraMode":{"drawMode":0,"name":"Shaded","section":"Shading Mode"},"sceneLighting":false,"audioPlay":false,"sceneViewState":{"showFog":true,"showMaterialUpdate":false,"showSkybox":true,"showFlares":true,"showImageEffects":true,"showParticleSystems":true},"in2DMode":false,"pivot":{"x":63.874183654785159,"y":3.271353244781494,"z":-21.812862396240236},"rotation":{"x":-0.07885082066059113,"y":-0.7937430739402771,"z":0.10538966208696366,"w":-0.5938413143157959},"size":49.83160400390625,"orthographic":false}